,#CHROM,POS,REF,ALT,ancestor_total_count,ancestor_ref_count,ancestor_alt_count,ancestor_ref,ancestor_alt,ancestor_alt_err,aneuploidy_total_count,aneuploidy_ref_count,aneuploidy_alt_count,aneuploidy_ref,aneuploidy_alt,aneuploidy_alt_err,evolved_total_count,evolved_ref_count,evolved_alt_count,evolved_ref,evolved_alt,evolved_alt_err
0,chr01,68128,CT,C,96,96,0,1.0,0.0,0.0,20,20,0,1.0,0.0,0.0,53,47,6,0.886792452830189,0.113207547169811,0.04352219092050477
1,chr01,69828,CT,C,90,77,13,0.855555555555556,0.144444444444444,0.03705555092823925,12,11,1,0.916666666666667,0.0833333333333333,0.07978559231302816,36,27,9,0.75,0.25,0.07216878364870322
2,chr01,230142,G,GTGGGTGT,32,32,0,1.0,0.0,0.0,4,4,0,1.0,0.0,0.0,14,9,5,0.642857142857143,0.357142857142857,0.12806020814297073
3,chr02,19393,C,T,253,253,0,1.0,0.0,0.0,62,62,0,1.0,0.0,0.0,105,48,57,0.457142857142857,0.542857142857143,0.048615426251161456
4,chr02,122429,GA,G,127,127,0,1.0,0.0,0.0,37,34,3,0.918918918918919,0.0810810810810811,0.04487428065276164,99,85,14,0.858585858585859,0.141414141414141,0.03502036666045561
5,chr02,426315,T,C,121,121,0,1.0,0.0,0.0,40,40,0,1.0,0.0,0.0,79,38,41,0.481012658227848,0.518987341772152,0.05621381883942542
6,chr02,774669,CA,C,79,73,6,0.924050632911392,0.0759493670886076,0.029805500453934045,16,15,1,0.9375,0.0625,0.06051536478449089,27,22,5,0.814814814814815,0.185185185185185,0.0747567988666047
7,chr03,100920,G,C,170,170,0,1.0,0.0,0.0,70,70,0,1.0,0.0,0.0,134,104,30,0.776119402985075,0.223880597014925,0.03600974943597269
8,chr03,236055,C,A,174,174,0,1.0,0.0,0.0,94,94,0,1.0,0.0,0.0,155,114,41,0.735483870967742,0.264516129032258,0.03542801393048125
9,chr03,303175,G,A,286,286,0,1.0,0.0,0.0,85,85,0,1.0,0.0,0.0,162,122,40,0.753086419753086,0.246913580246914,0.0338795309608463
10,chr04,169833,GTA,G,142,136,6,0.957746478873239,0.0422535211267606,0.016881559461530086,45,42,3,0.933333333333333,0.0666666666666667,0.037184890068181146,77,69,8,0.896103896103896,0.103896103896104,0.034772302661094025
11,chr04,302323,G,GA,78,78,0,1.0,0.0,0.0,30,28,2,0.933333333333333,0.0666666666666667,0.04554200340426489,83,74,9,0.891566265060241,0.108433734939759,0.03412871808894756
12,chr04,315072,CT,C,48,48,0,1.0,0.0,0.0,13,12,1,0.923076923076923,0.0769230769230769,0.07390530175619406,44,39,5,0.886363636363636,0.113636363636364,0.04784519081367532
13,chr04,410887,AT,A,30,28,2,0.933333333333333,0.0666666666666667,0.04554200340426489,9,9,0,1.0,0.0,0.0,36,30,6,0.833333333333333,0.166666666666667,0.06211299937499421
14,chr04,884352,T,C,58,58,0,1.0,0.0,0.0,15,15,0,1.0,0.0,0.0,38,19,19,0.5,0.5,0.08111071056538127
15,chr04,1178330,CT,C,43,41,2,0.953488372093023,0.0465116279069767,0.03211472761342026,18,17,1,0.944444444444444,0.0555555555555556,0.05399029532264169,37,31,6,0.837837837837838,0.162162162162162,0.060597385396511695
16,chr04,1407811,G,A,119,119,0,1.0,0.0,0.0,43,43,0,1.0,0.0,0.0,58,51,7,0.879310344827586,0.120689655172414,0.042775206786573226
17,chr04,1412974,T,C,114,114,0,1.0,0.0,0.0,41,41,0,1.0,0.0,0.0,90,35,55,0.388888888888889,0.611111111111111,0.051386803427820774
18,chr04,1468506,C,CA,129,127,2,0.984496124031008,0.0155038759689922,0.010877580171127431,41,41,0,1.0,0.0,0.0,62,54,8,0.870967741935484,0.129032258064516,0.04257496887716706
19,chr05,412967,A,AT,129,129,0,1.0,0.0,0.0,33,33,0,1.0,0.0,0.0,73,41,32,0.561643835616438,0.438356164383562,0.05807411862303532
20,chr07,438696,C,CA,51,49,2,0.96078431372549,0.0392156862745098,0.027180520787594982,24,24,0,1.0,0.0,0.0,48,43,5,0.895833333333333,0.104166666666667,0.04409175381666775
21,chr07,611147,C,A,104,104,0,1.0,0.0,0.0,27,27,0,1.0,0.0,0.0,100,56,44,0.56,0.44,0.04963869458396343
22,chr07,1021962,CT,C,138,133,5,0.963768115942029,0.036231884057971,0.01590714328546167,29,28,1,0.96551724137931,0.0344827586206897,0.03388301272003571,82,71,11,0.865853658536585,0.134146341463415,0.037636110795318777
23,chr07,1038760,C,CT,184,184,0,1.0,0.0,0.0,58,58,0,1.0,0.0,0.0,85,26,59,0.305882352941176,0.694117647058824,0.04997862355993055
24,chr08,38647,CT,C,199,199,0,1.0,0.0,0.0,36,34,2,0.944444444444444,0.0555555555555556,0.038176903940904276,84,73,11,0.869047619047619,0.130952380952381,0.036807713812926864
25,chr08,415164,G,C,115,115,0,1.0,0.0,0.0,24,24,0,1.0,0.0,0.0,55,30,25,0.545454545454545,0.454545454545455,0.06714081326145421
26,chr08,475549,CA,C,66,64,2,0.96969696969697,0.0303030303030303,0.02110032193402398,18,16,2,0.888888888888889,0.111111111111111,0.07407407407407404,31,22,9,0.709677419354839,0.290322580645161,0.08152485862976434
27,chr08,529350,CA,C,154,148,6,0.961038961038961,0.038961038961039,0.015592846429275931,30,28,2,0.933333333333333,0.0666666666666667,0.04554200340426489,65,55,10,0.846153846153846,0.153846153846154,0.044751882606364604
28,chr08,556969,T,TGTGGGTGTGGTGTGTGTGTGGGTGTGGTGTGGTGTG,107,107,0,1.0,0.0,0.0,23,23,0,1.0,0.0,0.0,124,65,59,0.524193548387097,0.475806451612903,0.044848730716785995
29,chr09,295038,T,C,120,120,0,1.0,0.0,0.0,39,39,0,1.0,0.0,0.0,61,31,30,0.508196721311475,0.491803278688525,0.06400983707183595
30,chr10,318414,C,A,116,116,0,1.0,0.0,0.0,38,38,0,1.0,0.0,0.0,92,80,12,0.869565217391304,0.130434782608696,0.03511186317770649
31,chr10,457903,CA,C,68,59,9,0.867647058823529,0.132352941176471,0.041094518050466614,19,19,0,1.0,0.0,0.0,40,31,9,0.775,0.225,0.06602556323122129
32,chr10,550151,CT,C,86,82,4,0.953488372093023,0.0465116279069767,0.022708541671408337,19,19,0,1.0,0.0,0.0,29,23,6,0.793103448275862,0.206896551724138,0.07522159645153252
33,chr11,221676,C,T,103,103,0,1.0,0.0,0.0,38,38,0,1.0,0.0,0.0,80,37,43,0.4625,0.5375,0.05574425418821208
34,chr11,277040,A,AT,91,85,6,0.934065934065934,0.0659340659340659,0.026014950241775737,33,32,1,0.96969696969697,0.0303030303030303,0.029840361449535207,107,92,15,0.85981308411215,0.14018691588785,0.033563239863120674
35,chr11,518086,C,T,85,75,10,0.882352941176471,0.117647058823529,0.03494638386976492,19,17,2,0.894736842105263,0.105263157894737,0.07040590042736201,52,43,9,0.826923076923077,0.173076923076923,0.052462679367767245
36,chr11,556431,GA,G,118,118,0,1.0,0.0,0.0,22,22,0,1.0,0.0,0.0,73,63,10,0.863013698630137,0.136986301369863,0.04024259561042188
37,chr11,660936,T,G,234,234,0,1.0,0.0,0.0,63,63,0,1.0,0.0,0.0,65,56,9,0.861538461538462,0.138461538461538,0.04283958285159291
38,chr12,514965,C,CT,36,36,0,1.0,0.0,0.0,19,19,0,1.0,0.0,0.0,45,37,8,0.822222222222222,0.177777777777778,0.05699373055310031
39,chr12,743195,G,A,85,85,0,1.0,0.0,0.0,38,38,0,1.0,0.0,0.0,73,59,14,0.808219178082192,0.191780821917808,0.0460792851956453
40,chr12,887435,G,T,144,144,0,1.0,0.0,0.0,54,54,0,1.0,0.0,0.0,163,144,19,0.883435582822086,0.116564417177914,0.025134869801003917
41,chr12,1065078,G,GGT,23,23,0,1.0,0.0,0.0,4,4,0,1.0,0.0,0.0,18,5,13,0.277777777777778,0.722222222222222,0.10557179862029058
42,chr13,10408,T,G,237,237,0,1.0,0.0,0.0,52,52,0,1.0,0.0,0.0,101,52,49,0.514851485148515,0.485148514851485,0.04972990746944577
43,chr13,101935,G,A,148,148,0,1.0,0.0,0.0,28,28,0,1.0,0.0,0.0,54,22,32,0.407407407407407,0.592592592592593,0.06686451361840295
44,chr13,236652,CT,C,118,111,7,0.940677966101695,0.0593220338983051,0.02174640632545545,33,33,0,1.0,0.0,0.0,67,60,7,0.895522388059702,0.104477611940299,0.03736908302757322
45,chr15,411486,G,A,117,117,0,1.0,0.0,0.0,34,34,0,1.0,0.0,0.0,73,33,40,0.452054794520548,0.547945205479452,0.0582509047812068
46,chr15,581669,CA,C,54,50,4,0.925925925925926,0.0740740740740741,0.035638905505532455,20,19,1,0.95,0.05,0.04873397172404482,43,36,7,0.837209302325581,0.162790697674419,0.05629859893855323
47,chr16,169530,AT,A,95,95,0,1.0,0.0,0.0,32,30,2,0.9375,0.0625,0.0427908248050911,57,50,7,0.87719298245614,0.12280701754386,0.04347321296345199
48,chr16,191580,C,A,114,114,0,1.0,0.0,0.0,34,34,0,1.0,0.0,0.0,82,20,62,0.24390243902439,0.75609756097561,0.04742311354520351
49,chr16,620255,CA,C,49,46,3,0.938775510204082,0.0612244897959184,0.03424880502761147,17,16,1,0.941176470588235,0.0588235294117647,0.05706720589090187,44,36,8,0.818181818181818,0.181818181818182,0.058145649915166506
50,chr16,858196,C,T,122,122,0,1.0,0.0,0.0,26,26,0,1.0,0.0,0.0,59,27,32,0.457627118644068,0.542372881355932,0.06486028516711329
51,chrM,53278,TTATTTAA,T,251,251,0,1.0,0.0,0.0,73,73,0,1.0,0.0,0.0,84,11,73,0.130952380952381,0.869047619047619,0.03680771381292687
52,chr01,188881,G,C,188,171,17,0.909574468085106,0.0904255319148936,0.02091634237033815,63,50,13,0.793650793650794,0.206349206349206,0.05098540273330322,92,77,15,0.83695652173913,0.16304347826087,0.0385131686199199
53,chr02,143864,GA,G,131,125,6,0.954198473282443,0.0458015267175573,0.018265168718206964,48,38,10,0.791666666666667,0.208333333333333,0.058617857694910146,86,80,6,0.930232558139535,0.0697674418604651,0.027470903405517128
54,chr02,192232,CT,C,77,75,2,0.974025974025974,0.025974025974026,0.018126315786983208,37,29,8,0.783783783783784,0.216216216216216,0.06767704790007577,81,80,1,0.987654320987654,0.0123456790123457,0.0122692344444433
55,chr03,142665,G,GA,93,93,0,1.0,0.0,0.0,45,39,6,0.866666666666667,0.133333333333333,0.050674463337739416,72,69,3,0.958333333333333,0.0416666666666667,0.023549756885851633
56,chr03,313479,TA,T,182,170,12,0.934065934065934,0.0659340659340659,0.018395347728190237,68,61,7,0.897058823529412,0.102941176470588,0.03685110954061094,123,118,5,0.959349593495935,0.040650406504065,0.01780608075434451
57,chr05,541505,A,AT,119,118,1,0.991596638655462,0.00840336134453781,0.008367978613303033,45,39,6,0.866666666666667,0.133333333333333,0.050674463337739416,66,64,2,0.96969696969697,0.0303030303030303,0.02110032193402398
58,chr06,223119,GA,G,233,233,0,1.0,0.0,0.0,74,66,8,0.891891891891892,0.108108108108108,0.0360968563932968,121,119,2,0.983471074380165,0.0165289256198347,0.011590720225801283
59,chr07,413966,G,GA,66,66,0,1.0,0.0,0.0,41,35,6,0.853658536585366,0.146341463414634,0.0551993371072554,54,54,0,1.0,0.0,0.0
60,chr07,523519,G,GT,60,60,0,1.0,0.0,0.0,30,24,6,0.8,0.2,0.07302967433402216,64,64,0,1.0,0.0,0.0
61,chr07,689753,G,T,105,105,0,1.0,0.0,0.0,42,27,15,0.642857142857143,0.357142857142857,0.07393559564382365,103,103,0,1.0,0.0,0.0
62,chr07,920914,G,GA,151,151,0,1.0,0.0,0.0,52,46,6,0.884615384615385,0.115384615384615,0.04430467198778673,107,103,4,0.962616822429907,0.0373831775700935,0.01833888560624749
63,chr07,968722,AT,A,95,94,1,0.989473684210526,0.0105263157894737,0.010470767561154533,31,25,6,0.806451612903226,0.193548387096774,0.07095828146194512,50,50,0,1.0,0.0,0.0
64,chr07,977899,T,TA,178,178,0,1.0,0.0,0.0,45,40,5,0.888888888888889,0.111111111111111,0.04684855792842041,100,98,2,0.98,0.02,0.014
65,chr07,1010989,G,GA,137,137,0,1.0,0.0,0.0,40,34,6,0.85,0.15,0.05645794895318108,55,53,2,0.963636363636364,0.0363636363636364,0.025241136091003088
66,chr08,11865,CT,C,218,215,3,0.986238532110092,0.0137614678899083,0.007890329085654381,54,43,11,0.796296296296296,0.203703703703704,0.05480749218875395,96,92,4,0.958333333333333,0.0416666666666667,0.020394687716095025
67,chr08,48099,GA,G,140,132,8,0.942857142857143,0.0571428571428571,0.019617330352159856,44,35,9,0.795454545454545,0.204545454545455,0.06081017625108037,68,65,3,0.955882352941177,0.0441176470588235,0.024903130052741827
68,chr09,102536,CT,C,146,140,6,0.958904109589041,0.0410958904109589,0.01642897086178329,28,23,5,0.821428571428571,0.178571428571429,0.07237888244444449,74,73,1,0.986486486486487,0.0135135135135135,0.013421895416371768
69,chr09,142373,A,AT,126,126,0,1.0,0.0,0.0,42,36,6,0.857142857142857,0.142857142857143,0.05399492471560391,91,91,0,1.0,0.0,0.0
70,chr09,149075,G,GA,103,98,5,0.951456310679612,0.0485436893203883,0.02117591587353538,36,31,5,0.861111111111111,0.138888888888889,0.05763842406476267,66,65,1,0.984848484848485,0.0151515151515152,0.01503629283178406
71,chr09,155945,GA,G,147,147,0,1.0,0.0,0.0,43,37,6,0.86046511627907,0.13953488372093,0.0528413377526197,79,79,0,1.0,0.0,0.0
72,chr09,379890,T,TA,200,200,0,1.0,0.0,0.0,51,45,6,0.882352941176471,0.117647058823529,0.045115587579257016,92,89,3,0.967391304347826,0.0326086956521739,0.01851713912898399
73,chr10,317080,GTA,G,96,92,4,0.958333333333333,0.0416666666666667,0.020394687716095025,35,30,5,0.857142857142857,0.142857142857143,0.05914847651505895,50,50,0,1.0,0.0,0.0
74,chr10,393675,TTA,T,120,120,0,1.0,0.0,0.0,37,32,5,0.864864864864865,0.135135135135135,0.05620272917946337,63,61,2,0.968253968253968,0.0317460317460317,0.022088645799247842
75,chr11,80905,CT,C,152,147,5,0.967105263157895,0.0328947368421053,0.014466993542969755,57,50,7,0.87719298245614,0.12280701754386,0.04347321296345199,87,84,3,0.96551724137931,0.0344827586206897,0.019562366514868132
76,chr11,184501,GTAA,G,127,127,0,1.0,0.0,0.0,48,43,5,0.895833333333333,0.104166666666667,0.04409175381666775,81,81,0,1.0,0.0,0.0
77,chr11,489841,TA,T,125,120,5,0.96,0.04,0.017527121840165315,36,31,5,0.861111111111111,0.138888888888889,0.05763842406476267,73,70,3,0.958904109589041,0.0410958904109589,0.023234073408566324
78,chr12,449594,CT,C,51,50,1,0.980392156862745,0.0196078431372549,0.019414657705424988,24,19,5,0.791666666666667,0.208333333333333,0.08289816934939802,50,48,2,0.96,0.04,0.027712812921102035
79,chr13,234752,A,AT,84,81,3,0.964285714285714,0.0357142857142857,0.020248096768351452,31,25,6,0.806451612903226,0.193548387096774,0.07095828146194512,47,45,2,0.957446808510638,0.0425531914893617,0.02944248536262399
80,chr13,337473,CA,C,107,104,3,0.97196261682243,0.0280373831775701,0.01595885138692462,33,26,7,0.787878787878788,0.212121212121212,0.07116472642790656,64,60,4,0.9375,0.0625,0.030257682392245445
81,chr13,558682,C,CA,49,48,1,0.979591836734694,0.0204081632653061,0.020198843236954825,19,13,6,0.684210526315789,0.315789473684211,0.10663920529041643,19,19,0,1.0,0.0,0.0
82,chr13,752958,AT,A,123,123,0,1.0,0.0,0.0,34,29,5,0.852941176470588,0.147058823529412,0.060738718621252484,67,64,3,0.955223880597015,0.0447761194029851,0.025266111612845317
83,chr14,307228,CT,C,39,38,1,0.974358974358974,0.0256410256410256,0.025310159835529446,19,13,6,0.684210526315789,0.315789473684211,0.10663920529041643,39,33,6,0.846153846153846,0.153846153846154,0.05777443201529316
84,chr14,576631,AT,A,108,105,3,0.972222222222222,0.0277777777777778,0.01581319562648087,39,34,5,0.871794871794872,0.128205128205128,0.05353373566291195,67,63,4,0.940298507462687,0.0597014925373134,0.028945967245766598
85,chr14,606166,AAT,A,124,121,3,0.975806451612903,0.0241935483870968,0.013798147550848409,42,37,5,0.880952380952381,0.119047619047619,0.04997029675972564,76,76,0,1.0,0.0,0.0
86,chr14,647314,A,AT,99,99,0,1.0,0.0,0.0,27,22,5,0.814814814814815,0.185185185185185,0.0747567988666047,62,61,1,0.983870967741935,0.0161290322580645,0.015998430657150665
87,chr14,716416,CT,C,122,120,2,0.983606557377049,0.0163934426229508,0.011496506119971741,26,18,8,0.692307692307692,0.307692307692308,0.0905151392945465,70,67,3,0.957142857142857,0.0428571428571429,0.024207557309728518
88,chr16,830692,ATAT,A,158,157,1,0.993670886075949,0.00632911392405063,0.006309053290626769,54,48,6,0.888888888888889,0.111111111111111,0.042766686606638925,50,50,0,1.0,0.0,0.0
89,chr16,857189,G,GT,74,71,3,0.959459459459459,0.0405405405405405,0.022926735577328057,36,31,5,0.861111111111111,0.138888888888889,0.05763842406476267,45,43,2,0.955555555555556,0.0444444444444444,0.030720653856781795
90,chrM,23924,AAT,A,294,294,0,1.0,0.0,0.0,70,61,9,0.871428571428571,0.128571428571429,0.040007287965807097,163,159,4,0.975460122699387,0.0245398773006135,0.012118452117917525
91,chrM,78308,AAT,A,230,230,0,1.0,0.0,0.0,48,43,5,0.895833333333333,0.104166666666667,0.04409175381666775,121,121,0,1.0,0.0,0.0
92,chr01,23239,CT,C,207,200,7,0.966183574879227,0.0338164251207729,0.012563437964661731,43,38,5,0.883720930232558,0.116279069767442,0.04888483088578333,92,83,9,0.902173913043478,0.0978260869565217,0.030972663905888667
93,chr01,71530,TA,T,126,124,2,0.984126984126984,0.0158730158730159,0.01113448213352702,36,31,5,0.861111111111111,0.138888888888889,0.05763842406476267,81,68,13,0.839506172839506,0.160493827160494,0.040784825095524044
94,chr02,406430,GA,G,99,95,4,0.95959595959596,0.0404040404040404,0.019789690695126556,41,34,7,0.829268292682927,0.170731707317073,0.05876418177221404,80,74,6,0.925,0.075,0.02944804747347437
95,chr03,9181,AT,A,144,137,7,0.951388888888889,0.0486111111111111,0.017921137230557896,52,45,7,0.865384615384615,0.134615384615385,0.0473314992774443,97,87,10,0.896907216494845,0.103092783505155,0.030874648709435945
96,chr04,520595,A,G,127,127,0,1.0,0.0,0.0,60,53,7,0.883333333333333,0.116666666666667,0.04144384867012953,128,121,7,0.9453125,0.0546875,0.02009679260474285
97,chr04,892532,CA,C,44,42,2,0.954545454545455,0.0454545454545455,0.031402239986716256,14,8,6,0.571428571428571,0.428571428571429,0.13226001425322165,54,49,5,0.907407407407407,0.0925925925925926,0.039445040149549006
98,chr06,174046,CT,C,92,86,6,0.934782608695652,0.0652173913043478,0.02574204883061686,30,21,9,0.7,0.3,0.08366600265340755,56,45,11,0.803571428571429,0.196428571428571,0.05309095762313111
99,chr08,126150,GT,G,89,88,1,0.98876404494382,0.0112359550561798,0.011172653397216317,23,18,5,0.782608695652174,0.217391304347826,0.08600614870379829,71,63,8,0.887323943661972,0.112676056338028,0.03752560865804666
100,chr08,173136,T,A,159,137,22,0.861635220125786,0.138364779874214,0.02738267913770179,36,29,7,0.805555555555556,0.194444444444444,0.06596206874432868,79,68,11,0.860759493670886,0.139240506329114,0.038950242151036485
101,chr11,358455,CT,C,100,99,1,0.99,0.01,0.0099498743710662,29,24,5,0.827586206896552,0.172413793103448,0.07014450037456654,69,60,9,0.869565217391304,0.130434782608696,0.0405436873147963
102,chr13,411461,G,GT,66,64,2,0.96969696969697,0.0303030303030303,0.02110032193402398,34,27,7,0.794117647058823,0.205882352941176,0.0693445807052978,72,62,10,0.861111111111111,0.138888888888889,0.04075652051309957
103,chr13,431536,G,GT,61,61,0,1.0,0.0,0.0,37,31,6,0.837837837837838,0.162162162162162,0.060597385396511695,56,51,5,0.910714285714286,0.0892857142857143,0.03810553379155525
104,chr14,28420,GT,G,178,172,6,0.966292134831461,0.0337078651685393,0.013527260241120703,42,37,5,0.880952380952381,0.119047619047619,0.04997029675972564,81,75,6,0.925925925925926,0.0740740740740741,0.029099044493273565
105,chr14,692520,CA,C,133,121,12,0.909774436090226,0.0902255639097744,0.024843103387395548,43,37,6,0.86046511627907,0.13953488372093,0.0528413377526197,76,71,5,0.934210526315789,0.0657894736842105,0.02843765545627031
106,chr15,383126,GA,G,91,87,4,0.956043956043956,0.043956043956044,0.021489560500462974,36,31,5,0.861111111111111,0.138888888888889,0.05763842406476267,90,84,6,0.933333333333333,0.0666666666666667,0.026293687924887187
107,chr16,592129,GA,G,90,89,1,0.988888888888889,0.0111111111111111,0.011049210289019475,41,35,6,0.853658536585366,0.146341463414634,0.0551993371072554,80,64,16,0.8,0.2,0.0447213595499958
108,chrM,12871,AAT,A,216,211,5,0.976851851851852,0.0231481481481481,0.010231648292652296,60,50,10,0.833333333333333,0.166666666666667,0.04811252243246885,93,78,15,0.838709677419355,0.161290322580645,0.03813893030150108
109,chr04,465667,CA,C,65,58,7,0.892307692307692,0.107692307692308,0.03844970232078692,34,32,2,0.941176470588235,0.0588235294117647,0.040352608268825606,69,67,2,0.971014492753623,0.0289855072463768,0.020196623198900424
110,chr04,1525409,TGGGTGT,TGGTG,29,24,5,0.827586206896552,0.172413793103448,0.07014450037456654,1,1,0,1.0,0.0,0.0,17,15,2,0.882352941176471,0.117647058823529,0.07814248990059652
111,chr05,14724,CA,C,111,95,16,0.855855855855856,0.144144144144144,0.03333782985704744,28,25,3,0.892857142857143,0.107142857142857,0.0584512205989265,36,33,3,0.916666666666667,0.0833333333333333,0.04606423319938055
112,chr05,59372,C,T,179,143,36,0.798882681564246,0.201117318435754,0.02995985607040835,34,29,5,0.852941176470588,0.147058823529412,0.060738718621252484,73,62,11,0.849315068493151,0.150684931506849,0.04187047590341466
113,chr06,74485,GA,G,142,124,18,0.873239436619718,0.126760563380282,0.02791994629416365,35,33,2,0.942857142857143,0.0571428571428571,0.03923466070431971,91,86,5,0.945054945054945,0.0549450549450549,0.023887579162930526
114,chr09,439868,A,G,37,32,5,0.864864864864865,0.135135135135135,0.05620272917946337,5,5,0,1.0,0.0,0.0,11,9,2,0.818181818181818,0.181818181818182,0.11629129983033301
115,chr10,525702,GA,G,67,54,13,0.805970149253731,0.194029850746269,0.04831214855494185,20,18,2,0.9,0.1,0.0670820393249937,49,40,9,0.816326530612245,0.183673469387755,0.05531681038195415
116,chr11,21,C,CACA,24,18,6,0.75,0.25,0.08838834764831845,2,2,0,1.0,0.0,0.0,14,13,1,0.928571428571429,0.0714285714285714,0.06883029368995938
117,chr12,645231,TA,T,54,45,9,0.833333333333333,0.166666666666667,0.05071505162084876,27,26,1,0.962962962962963,0.037037037037037,0.036344694923159844,50,47,3,0.94,0.06,0.03358571124749333
119,chr12,1024980,AT,A,70,57,13,0.814285714285714,0.185714285714286,0.046479563834306875,19,17,2,0.894736842105263,0.105263157894737,0.07040590042736201,23,19,4,0.826086956521739,0.173913043478261,0.07903419644751183
120,chr01,188939,A,G,240,209,31,0.870833333333333,0.129166666666667,0.0216489644564593,68,66,2,0.970588235294118,0.0294117647058824,0.020489133706448132,119,97,22,0.815126050420168,0.184873949579832,0.035585802610736496
121,chr02,1254,T,C,43,37,6,0.86046511627907,0.13953488372093,0.0528413377526197,10,10,0,1.0,0.0,0.0,44,37,7,0.840909090909091,0.159090909090909,0.05514052126067155
122,chr02,491090,CT,C,100,91,9,0.91,0.09,0.02861817604250837,29,27,2,0.931034482758621,0.0689655172413793,0.0470543613255871,58,51,7,0.879310344827586,0.120689655172414,0.042775206786573226
123,chr03,8575,CA,C,53,45,8,0.849056603773585,0.150943396226415,0.049174216161856896,17,15,2,0.882352941176471,0.117647058823529,0.07814248990059652,41,36,5,0.878048780487805,0.121951219512195,0.05110465578801789
124,chr04,482472,GA,G,36,30,6,0.833333333333333,0.166666666666667,0.06211299937499421,8,8,0,1.0,0.0,0.0,37,31,6,0.837837837837838,0.162162162162162,0.060597385396511695
125,chr04,966520,TA,T,26,19,7,0.730769230769231,0.269230769230769,0.0869892924733086,13,11,2,0.846153846153846,0.153846153846154,0.10006825162892172,33,26,7,0.787878787878788,0.212121212121212,0.07116472642790656
126,chr07,167250,CA,C,52,37,15,0.711538461538462,0.288461538461538,0.06282629889225418,15,13,2,0.866666666666667,0.133333333333333,0.08777074514725101,29,20,9,0.689655172413793,0.310344827586207,0.08590911709007583
127,chr07,366778,TA,T,35,28,7,0.8,0.2,0.06761234037828133,16,13,3,0.8125,0.1875,0.09757809372497497,50,42,8,0.84,0.16,0.05184592558726288
128,chr07,616171,AT,A,64,46,18,0.71875,0.28125,0.056201150663820934,16,16,0,1.0,0.0,0.0,70,54,16,0.771428571428571,0.228571428571429,0.050189146608781744
129,chr08,234753,AT,A,91,79,12,0.868131868131868,0.131868131868132,0.0354684394092695,34,31,3,0.911764705882353,0.0882352941176471,0.048643307679963846,52,43,9,0.826923076923077,0.173076923076923,0.052462679367767245
130,chr09,245962,CTT,C,27,22,5,0.814814814814815,0.185185185185185,0.0747567988666047,6,6,0,1.0,0.0,0.0,19,10,9,0.526315789473684,0.473684210526316,0.11454888159631764
131,chr09,370195,AT,A,72,58,14,0.805555555555556,0.194444444444444,0.046642226110208025,22,19,3,0.863636363636364,0.136363636363636,0.07316500499845352,37,30,7,0.810810810810811,0.189189189189189,0.06438831518199856
132,chr10,134112,GA,G,78,62,16,0.794871794871795,0.205128205128205,0.045720811704704024,19,16,3,0.842105263157895,0.157894736842105,0.08365467518305535,39,33,6,0.846153846153846,0.153846153846154,0.05777443201529316
133,chr10,523904,TA,T,94,89,5,0.946808510638298,0.0531914893617021,0.023146654282653948,28,24,4,0.857142857142857,0.142857142857143,0.06613000712661085,51,42,9,0.823529411764706,0.176470588235294,0.053381483116060585
134,chr11,234262,AT,A,106,95,11,0.89622641509434,0.10377358490566,0.02962097484501063,48,46,2,0.958333333333333,0.0416666666666667,0.028842443968465546,71,64,7,0.901408450704225,0.0985915492957746,0.035379483133676566
135,chr11,632832,CA,C,115,106,9,0.921739130434783,0.0782608695652174,0.025045368548698117,24,24,0,1.0,0.0,0.0,49,40,9,0.816326530612245,0.183673469387755,0.05531681038195415
136,chr12,641311,GA,G,80,72,8,0.9,0.1,0.03354101966249685,18,16,2,0.888888888888889,0.111111111111111,0.07407407407407404,65,56,9,0.861538461538462,0.138461538461538,0.04283958285159291
137,chr13,390765,GT,G,91,84,7,0.923076923076923,0.0769230769230769,0.0279335784308678,31,31,0,1.0,0.0,0.0,69,59,10,0.855072463768116,0.144927536231884,0.04237916248183119
138,chr13,538607,GCA,G,76,68,8,0.894736842105263,0.105263157894737,0.03520295021368101,22,22,0,1.0,0.0,0.0,57,51,6,0.894736842105263,0.105263157894737,0.040648865564275445
139,chr13,652533,CT,C,93,85,8,0.913978494623656,0.0860215053763441,0.029075690246733555,33,33,0,1.0,0.0,0.0,51,44,7,0.862745098039216,0.137254901960784,0.04818591321458911
140,chr14,429776,TTA,T,89,82,7,0.921348314606742,0.0786516853932584,0.02853454397311203,26,25,1,0.961538461538462,0.0384615384615385,0.03771464137272771,71,58,13,0.816901408450704,0.183098591549296,0.04589846376912451
141,chr14,510328,CT,C,51,44,7,0.862745098039216,0.137254901960784,0.04818591321458911,18,16,2,0.888888888888889,0.111111111111111,0.07407407407407404,37,31,6,0.837837837837838,0.162162162162162,0.060597385396511695
142,chr16,607467,GA,G,88,80,8,0.909090909090909,0.0909090909090909,0.03064544829378373,26,24,2,0.923076923076923,0.0769230769230769,0.05225894003744288,57,45,12,0.789473684210526,0.210526315789474,0.053998860636060776
143,chr16,615257,TA,T,69,60,9,0.869565217391304,0.130434782608696,0.0405436873147963,23,22,1,0.956521739130435,0.0434782608695652,0.042522577993202235,51,38,13,0.745098039215686,0.254901960784314,0.06102505932917987
144,chr16,623381,GA,G,76,68,8,0.894736842105263,0.105263157894737,0.03520295021368101,18,18,0,1.0,0.0,0.0,50,39,11,0.78,0.22,0.05858327406350724
145,chr05,196609,TA,T,145,125,20,0.862068965517241,0.137931034482759,0.028636372363358645,51,40,11,0.784313725490196,0.215686274509804,0.05759318204098118,79,75,4,0.949367088607595,0.0506329113924051,0.02466720768841637
146,chr08,562354,C,T,21,12,9,0.571428571428571,0.428571428571429,0.10798984943120779,12,6,6,0.5,0.5,0.14433756729740643,23,21,2,0.91304347826087,0.0869565217391304,0.0587533847558414
147,chr11,114774,CAT,C,126,120,6,0.952380952380952,0.0476190476190476,0.018971882687847514,37,32,5,0.864864864864865,0.135135135135135,0.05620272917946337,57,56,1,0.982456140350877,0.0175438596491228,0.01738928518538077
148,chr11,618946,GA,G,148,132,16,0.891891891891892,0.108108108108108,0.02552433193521715,39,33,6,0.846153846153846,0.153846153846154,0.05777443201529316,57,54,3,0.947368421052632,0.0526315789473684,0.029576394049948225
149,chr14,6624,C,CA,94,68,26,0.723404255319149,0.276595744680851,0.046136999817760205,42,23,19,0.547619047619048,0.452380952380952,0.07680098373375653,125,103,22,0.824,0.176,0.03406159127228204
150,chr14,6633,A,ACACACACCACACCCACACC,74,49,25,0.662162162162162,0.337837837837838,0.054981991297752365,32,16,16,0.5,0.5,0.08838834764831845,55,32,23,0.581818181818182,0.418181818181818,0.06651121369895824
151,chr14,694966,CTA,C,132,124,8,0.939393939393939,0.0606060606060606,0.02076801263158612,35,29,6,0.828571428571429,0.171428571428571,0.06370485882490336,51,51,0,1.0,0.0,0.0
152,chr15,491013,CA,C,67,60,7,0.895522388059702,0.104477611940299,0.03736908302757322,27,22,5,0.814814814814815,0.185185185185185,0.0747567988666047,50,50,0,1.0,0.0,0.0
153,chr15,989706,GA,G,105,93,12,0.885714285714286,0.114285714285714,0.03104903798769175,33,25,8,0.757575757575758,0.242424242424242,0.07460090362383798,75,69,6,0.92,0.08,0.031326240331921947
154,chr16,868371,AT,A,159,142,17,0.893081761006289,0.106918238993711,0.024506029185518325,40,32,8,0.8,0.2,0.0632455532033676,62,61,1,0.983870967741935,0.0161290322580645,0.015998430657150665
156,chr11,26,A,ACC,25,19,6,0.76,0.24,0.0854166260162505,2,1,1,0.5,0.5,0.3535533905932738,13,8,5,0.615384615384615,0.384615384615385,0.13493200297031221
